{
  "far": 88.0132088840452,
  "near": 40,
  "FOV": 20,
  "position": [
    0,
    56.573800159417495,
    67.42202958669269
  ],
  "lookAt": [
    0,
    -9.823937301375942,
    11.707712572335048
  ],
  "lookAtDirection": [
    0,
    -0.7660444431189781,
    -0.6427876096865394
  ],
  "frustumHeightOnPlane": 34.759130835572904
}